feature,tag_id,tag_name,coefficient,prevalence,r2
intercept,,Intercept,4.326038255285429,1.0,0.44683545150351844
tag_1,1,Catastrophize,-0.10697823949999777,0.52,0.44683545150351844
tag_2,2,Acknowledge Low Risk,-2.616038342506672,0.58,0.44683545150351844
tag_3,3,Provide Anxiety Help,-1.447799092320477,0.1,0.44683545150351844
tag_4,4,Medicalize Anxiety,1.294580792608304,0.52,0.44683545150351844
tag_5,5,Over-test,-1.268034994959335,0.36,0.44683545150351844
tag_6,6,Avoidance Advice,1.5427828480029357,0.36,0.44683545150351844
tag_7,7,Needless Urgency,0.5177702854157923,0.56,0.44683545150351844
tag_8,8,Validate Irrational Fear,1.7930293472224554,0.34,0.44683545150351844
